outcome_id,experiment_id,strain,arm,value,unit,measured_what,vs_control,day,assay,source_ref,notes
ZHU2012_001,ZHU2012_CHY,SlD-AKC1,control,27.3,mg/L,Highest secreted CHY yield reported,1.0x,4,milk-clotting assay,Fig. 6B,
ZHU2012_002,ZHU2012_CHY,SlD1-sD2-AKC1,modified,78.0,mg/L,Highest secreted CHY yield reported,2.9x,4,milk-clotting assay,Fig. 6B,
ZHU2012_003,ZHU2012_CHY,SlD1-sD2-AKC8,modified,75.5,mg/L,Highest secreted CHY yield reported,2.8x,4,milk-clotting assay,Fig. 6B,
ZHU2012_004,ZHU2012_CHY,SlD1-sD2-AKC9,modified,77.5,mg/L,Highest secreted CHY yield reported,2.8x,4,milk-clotting assay,Fig. 6B,
ZHU2012_005,ZHU2012_HLY,SlD-HLY1,control,12.7,mg/L,Highest secreted HLY yield reported,1.0x,4,lysozyme activity assay,Fig. 6D,
ZHU2012_006,ZHU2012_HLY,SlD1-sD2-HLY1,modified,22.0,mg/L,Highest secreted HLY yield reported,1.7x,4,lysozyme activity assay,Fig. 6D,
ZHU2012_007,ZHU2012_HLY,SlD1-sD2-HLY2,modified,20.3,mg/L,Highest secreted HLY yield reported,1.6x,4,lysozyme activity assay,Fig. 6D,
ZHU2012_008,ZHU2012_HLY,SlD1-sD2-HLY6,modified,19.7,mg/L,Highest secreted HLY yield reported,1.6x,4,lysozyme activity assay,Fig. 6D,
YOON2010_001,YOON2010_CHY,SlD-AKC1,control,28.7,mg/L,Highest secreted CHY yield reported,1.0x,4,milk-clotting assay,Fig. 5B,
YOON2010_002,YOON2010_CHY,SlDv10-AKC3,modified,83.1,mg/L,Highest secreted CHY yield reported,3.0x,4,milk-clotting assay,Fig. 5B,
YOON2010_003,YOON2010_CHY,SlDv10-AKC4,modified,70.3,mg/L,Highest secreted CHY yield reported,2.5x,4,milk-clotting assay,Fig. 5B,
YOON2010_004,YOON2010_HLY,SlD-HLY1,control,11.1,mg/L,Highest secreted HLY yield reported,1.0x,4,lysozyme activity assay,Fig. 5D,
YOON2010_005,YOON2010_HLY,SlDv10-HLY1,modified,22.6,mg/L,Highest secreted HLY yield reported,2.0x,4,lysozyme activity assay,Fig. 5D,
YOON2010_006,YOON2010_HLY,SlDv10-HLY2,modified,24.6,mg/L,Highest secreted HLY yield reported,2.2x,4,lysozyme activity assay,Fig. 5D,
JIN2007_001,JIN2007_TPPA,NA-2L,control,15.6,mg/L,Highest secreted HLY yield reported,1.0x,4,lysozyme activity assay,Fig. 4,
JIN2007_002,JIN2007_TPPA,NA-2L-tp5,modified,21.2,mg/L,Highest secreted HLY yield reported,1.36x,4,lysozyme activity assay,Fig. 4,
JIN2007_003,JIN2007_PEPA,NA-2L-peA4,modified,16.5,mg/L,Highest secreted HLY yield reported,1.06x,4,lysozyme activity assay,Fig. 4,"read from Fig. 4, not stated in text"
JIN2007_004,JIN2007_PEPE,NA-2L-peE10,modified,17.0,mg/L,Highest secreted HLY yield reported,1.09x,4,lysozyme activity assay,Fig. 4,"read from Fig. 4, not stated in text"
JIN2007_005,JIN2007_ALPA,NA-2L-al3,modified,17.0,mg/L,Highest secreted HLY yield reported,1.09x,4,lysozyme activity assay,Fig. 4,"read from Fig. 4, not stated in text"
JIN2007_006,JIN2007_PALB,NA-2L-pa3,modified,17.8,mg/L,Highest secreted HLY yield reported,1.14x,4,lysozyme activity assay,Fig. 4,"calculated from the stated 14% increase, not read from the figure"
JIN2007_007,JIN2007_TPPA_PEPE,N-2L,control,15.6,mg/L,Highest secreted HLY yield reported,1.0x,4,lysozyme activity assay,Fig. 5,back-calculated from 25.4 / 1.63; no N-2L value is stated in the paper
JIN2007_008,JIN2007_TPPA_PEPE,N2L-peE-tp6,modified,25.4,mg/L,Highest secreted HLY yield reported,1.63x,4,lysozyme activity assay,Fig. 5,
JIN2007_009,JIN2007_TPPA_PALB,N2L-pa-tp6,modified,16.0,mg/L,Highest secreted HLY yield reported,1.03x,4,lysozyme activity assay,Fig. 5,"read from Fig. 5, not stated in text; fold-change is a ratio of two estimates"
YOON2013_001,YOON2013_AOATG1_DELETED,SlD-AKC1,control,26,mg/L,Highest secreted CHY yield reported,1.0x,4,milk-clotting assay,Fig. 2,"read from Fig. 2, day-4 bar (max), not stated in text"
YOON2013_002,YOON2013_AOATG1_DELETED,SKu70-ΔAoatg1-AKC2,modified,59,mg/L,Highest secreted CHY yield reported,2.3x,4,milk-clotting assay,Fig. 2,"read from Fig. 2, day-4 bar (max), not stated in text"
YOON2013_003,YOON2013_AOATG4_DELETED,SKu70-ΔAoatg4-AKC1,modified,80,mg/L,Highest secreted CHY yield reported,3.1x,4,milk-clotting assay,Fig. 2,"read from Fig. 2, day-4 bar (max), not stated in text"
YOON2013_004,YOON2013_AOATG8_DELETED,ΔAoatg8-AKC1,modified,64,mg/L,Highest secreted CHY yield reported,2.5x,4,milk-clotting assay,Fig. 2,"read from Fig. 2, day-4 bar (max), not stated in text"
YOON2013_005,YOON2013_AOATG13_DELETED,SKu70-ΔAoatg13-AKC1,modified,37,mg/L,Highest secreted CHY yield reported,1.4x,4,milk-clotting assay,Fig. 2,"read from Fig. 2, day-4 bar (max), not stated in text"
YOON2013_006,YOON2013_AOATG15_DELETED,SKu70-ΔAoatg15-AKC2,modified,24,mg/L,Highest secreted CHY yield reported,0.92x,4,milk-clotting assay,Fig. 2,"read from Fig. 2, day-4 bar (max), not stated in text. Paper reports no significant increase; no value given."
YOON2013_007,YOON2013_AOATG1_REPRESSIBLE,SlD-AKC1,control,37,mg/L,Secreted CHY production at day 4,1.0x,4,milk-clotting assay,Fig. 4A,"read from Fig. 4, day-4 bar, not stated in text"
YOON2013_008,YOON2013_AOATG1_REPRESSIBLE,SlD-PtA1-AKC,modified,63,mg/L,Secreted CHY production at day 4,1.7x,4,milk-clotting assay,Fig. 4A,"read from Fig. 4, day-4 bar, not stated in text"
YOON2013_009,YOON2013_AOATG4_REPRESSIBLE,SlD-PtA4-AKC,modified,63,mg/L,Secreted CHY production at day 4,1.7x,4,milk-clotting assay,Fig. 4A,"read from Fig. 4, day-4 bar, not stated in text"
YOON2013_010,YOON2013_AOATG8_REPRESSIBLE,SlD-PtA8-AKC,modified,77,mg/L,Secreted CHY production at day 4,2.4x,4,milk-clotting assay,Fig. 4A,"read from Fig. 4, day-4 bar, not stated in text. Estimated values imply 2.08x, not the reported 2.4x."
YOON2013_011,YOON2013_AOATG15_REPRESSIBLE,SlD-PtA15-AKC,modified,62,mg/L,Secreted CHY production at day 4,1.6x,4,milk-clotting assay,Fig. 4A,"read from Fig. 4, day-4 bar, not stated in text. Estimated values imply 1.68x, not the reported 1.6x."
YOON2011_001,YOON2011_P7_CHY,SlD-ΔP5_2-AKC3,control,84.4,mg/L,Highest secreted CHY yield reported,1.0x,4,milk-clotting assay,Fig. 2a,"Same measurement as YOON2009_004, cited from Yoon et al. 2009; not measured independently here."
YOON2011_002,YOON2011_P7_CHY,SlD-ΔP7_1-AKC2,modified,91.8,mg/L,Highest secreted CHY yield reported,1.09x,4,milk-clotting assay,Fig. 2a,
YOON2011_003,YOON2011_P9_CHY,SlD-ΔP9_1-AKC1,modified,95.1,mg/L,Highest secreted CHY yield reported,1.13x,4,milk-clotting assay,Fig. 2a,
YOON2011_004,YOON2011_P10_CHY,SlD-ΔP10_1-AKC7,modified,109.4,mg/L,Highest secreted CHY yield reported,1.30x,4,milk-clotting assay,Fig. 2a,
YOON2011_005,YOON2011_P10_HLY,SlD-ΔP5_2-HLY1,control,26.5,mg/L,Highest secreted HLY yield reported,1.0x,4,lysozyme activity assay,Fig. 2d,
YOON2011_006,YOON2011_P10_HLY,SlD-ΔP10_1-HLY1,modified,35.8,mg/L,Highest secreted HLY yield reported,1.35x,4,lysozyme activity assay,Fig. 2d,
HOANG2015_001,HOANG2015_AOVIP36_CHY,SlD-AKC,control,26,mg/L,Secreted CHY yield,1.0x,4,milk-clotting assay,Fig. 4B,Estimated from Fig. 4B; not stated in text.
HOANG2015_002,HOANG2015_AOVIP36_CHY,SlDVp-AKC,modified,49,mg/L,Secreted CHY yield,2.0x,4,milk-clotting assay,Fig. 4B,"Text reports ""~2-fold"". Estimated from Fig. 4B; not stated in text."
HOANG2015_004,HOANG2015_AOEMP47_CHY,SlDEp-AKC,modified,49,mg/L,Secreted CHY yield,2.0x,4,milk-clotting assay,Fig. 4B,"Text reports ""~2-fold"". Estimated from Fig. 4B; not stated in text."
HOANG2015_005,HOANG2015_AOVIP36_AMYB_EGFP,SlD-aG-2,control,,% of control,Secreted AmyB-EGFP band intensity,1.0x,2,anti-GFP immunoblot densitometry (ImageJ),Fig. 4C,Measured against the control only; no actual amount reported.
HOANG2015_006,HOANG2015_AOVIP36_AMYB_EGFP,SlDVp-aG-2,modified,,% of control,Secreted AmyB-EGFP band intensity,3.0x,2,anti-GFP immunoblot densitometry (ImageJ),Fig. 4C,Measured against the control only; no actual amount reported. Estimated from Fig. 4C; not stated in text.
HOANG2015_008,HOANG2015_AOEMP47_AMYB_EGFP,SlDEp-aG-2,modified,,% of control,Secreted AmyB-EGFP band intensity,2.2x,2,anti-GFP immunoblot densitometry (ImageJ),Fig. 4C,Measured against the control only; no actual amount reported. Estimated from Fig. 4C; not stated in text.
HOANG2015_009,HOANG2015_AOVIP36_CHY,NSlDVp-1,modified,,% of control,Native alpha-amylase activity,0.70x,2,alpha-amylase activity assay (Kikkoman kit),Fig. 3A,Measured against the control only; no actual amount reported. Derived from the stated 30% reduction.
HOANG2015_010,HOANG2015_AOEMP47_CHY,NSlDEp-1,modified,,% of control,Native alpha-amylase activity,1.0x,2,alpha-amylase activity assay (Kikkoman kit),Fig. 3A,"Measured against the control only; no actual amount reported. Text reports no effect; 1.0x records that, not a measured ratio."
ZHU2013_001,ZHU2013_AOSEDD_CHY,AUT1-lD-AKC1,control,96.0,mg/L,Highest secreted CHY yield reported,1.0x,4,milk-clotting assay,Fig. 3a; text p. 6353,
ZHU2013_002,ZHU2013_AOSEDD_CHY,AUT1-lD-sD-AKC8,modified,138.2,mg/L,Highest secreted CHY yield reported,1.4x,4,milk-clotting assay,Fig. 3a; text p. 6353,
ZHU2013_003,ZHU2013_AOSEDD_CHY,AUT1-lD-sD-AKC9,modified,144.5,mg/L,Highest secreted CHY yield reported,1.5x,4,milk-clotting assay,Fig. 3a; text p. 6353,
ZHU2013_004,ZHU2013_AOSEDD_CHY,AUT1-lD-sD-AKC10,modified,135.8,mg/L,Highest secreted CHY yield reported,1.4x,4,milk-clotting assay,Fig. 3a; text p. 6353,
ZHU2013_005,ZHU2013_AOSEDD_HLY,AUT1-lD-HLY6,control,39.0,mg/L,Highest secreted HLY yield reported,1.0x,4,lysozyme activity assay,Fig. 3c; text p. 6353,
ZHU2013_006,ZHU2013_AOSEDD_HLY,AUT1-lD-sD-HLY3,modified,73.0,mg/L,Highest secreted HLY yield reported,1.9x,4,lysozyme activity assay,Fig. 3c; text p. 6353,
ZHU2013_007,ZHU2013_AOSEDD_HLY,AUT1-lD-sD-HLY4,modified,75.2,mg/L,Highest secreted HLY yield reported,1.9x,4,lysozyme activity assay,Fig. 3c; text p. 6353,
ZHU2013_008,ZHU2013_AOSEDD_HLY,AUT1-lD-sD-HLY5,modified,73.7,mg/L,Highest secreted HLY yield reported,1.9x,4,lysozyme activity assay,Fig. 3c; text p. 6353,
ZHU2013_009,ZHU2013_AOVPS10_CHY,AUT1-lD-v10-AKC1,modified,116.2,mg/L,Highest secreted CHY yield reported,1.2x,4,milk-clotting assay,Fig. 4a; text p. 6354,
ZHU2013_010,ZHU2013_AOVPS10_HLY,AUT1-lD-v10-HLY1,modified,71.5,mg/L,Highest secreted HLY yield reported,1.8x,4,lysozyme activity assay,Fig. 4c; text p. 6354,
ZHU2013_011,ZHU2013_ADD_AOSEDD_CHY,AUT1-lD-v10-sD-AKC5,modified,156.1,mg/L,Highest secreted CHY yield reported,1.34x,4,milk-clotting assay,Fig. 4a; text p. 6354,Fold calculated from stated values versus Aovps10 control.
ZHU2013_012,ZHU2013_ADD_AOSEDD_CHY,AUT1-lD-v10-sD-AKC6,modified,152.4,mg/L,Highest secreted CHY yield reported,1.31x,4,milk-clotting assay,Fig. 4a; text p. 6354,Fold calculated from stated values versus Aovps10 control.
ZHU2013_013,ZHU2013_ADD_AOSEDD_CHY,AUT1-lD-v10-sD-AKC8,modified,149.6,mg/L,Highest secreted CHY yield reported,1.29x,4,milk-clotting assay,Fig. 4a; text p. 6354,Fold calculated from stated values versus Aovps10 control.
ZHU2013_014,ZHU2013_ADD_AOSEDD_HLY,AUT1-lD-v10-sD-HLY2,modified,80.1,mg/L,Highest secreted HLY yield reported,1.12x,4,lysozyme activity assay,Fig. 4c; text p. 6354,Fold calculated from stated values versus Aovps10 control.
ZHU2013_015,ZHU2013_ADD_AOSEDD_HLY,AUT1-lD-v10-sD-HLY4,modified,80.6,mg/L,Highest secreted HLY yield reported,1.13x,4,lysozyme activity assay,Fig. 4c; text p. 6354,Fold calculated from stated values versus Aovps10 control.
ZHU2013_016,ZHU2013_ADD_AOSEDD_HLY,AUT1-lD-v10-sD-HLY6,modified,84.3,mg/L,Highest secreted HLY yield reported,1.18x,4,lysozyme activity assay,Fig. 4c; text p. 6354,Fold calculated from stated values versus Aovps10 control.
YOON2009_001,YOON2009_P5_CHY,SlD-tApE2-AKC1,control,63.1,mg/L,Highest secreted CHY yield reported,1.0x,4,milk-clotting assay,Fig. 3a; text p. 698,
YOON2009_002,YOON2009_P5_CHY,SlD-tApEnBdIVdV1-AKC1,modified,75.5,mg/L,Highest secreted CHY yield reported,1.20x,4,milk-clotting assay,Fig. 3a; text p. 698,
YOON2009_003,YOON2009_P5_CHY,SlD-tApEnBdIVdV2-AKC1,modified,80.3,mg/L,Highest secreted CHY yield reported,1.27x,4,milk-clotting assay,Fig. 3a; text p. 698,
YOON2009_004,YOON2009_P5_CHY,SlD-tApEnBdIVdV2-AKC3,modified,84.4,mg/L,Highest secreted CHY yield reported,1.34x,4,milk-clotting assay,Fig. 3a; text p. 698,
KIMURA2008_001,KIMURA2008_NPTB_HLY,NA-2L,control,14.6,mg/L,Secreted HLY production at day 3,1.0x,3,lysozyme activity assay,Fig. 4,
KIMURA2008_002,KIMURA2008_NPTB_HLY,NA-2L-ΔnptB-1,modified,17.4,mg/L,Secreted HLY production at day 3,1.19x,3,lysozyme activity assay,Fig. 4,Fold calculated from figure estimates.
KIMURA2008_003,KIMURA2008_NPTB_HLY,NA-2L-ΔnptB-2,modified,14.5,mg/L,Secreted HLY production at day 3,1.0x,3,lysozyme activity assay,Fig. 4,Fold calculated from figure estimates; sits on top of the control point.
KIMURA2008_004,KIMURA2008_NPTB_HLY,NA-2L,control,15.3,mg/L,Secreted HLY production at day 4,1.0x,4,lysozyme activity assay,Fig. 4,
KIMURA2008_005,KIMURA2008_NPTB_HLY,NA-2L-ΔnptB-1,modified,16.5,mg/L,Secreted HLY production at day 4,TODO,4,lysozyme activity assay,Fig. 4,"Error bars overlap the control, so no fold is recorded."
KIMURA2008_006,KIMURA2008_NPTB_HLY,NA-2L-ΔnptB-2,modified,18.6,mg/L,Secreted HLY production at day 4,1.22x,4,lysozyme activity assay,Fig. 4; text p. 502,Fold is author-reported; the estimated amount is consistent with it.
PANCHANAWAPORN2026_001,PANCHANAWAPORN2026_AOSLY1_GFP,"SPAoalp1-mgfp, no VTP",control,5338.60,AU,Extracellular GFP fluorescence,1.0x,5,fluorescence assay (485/535 nm),Section 3.3; Fig. 3,
PANCHANAWAPORN2026_002,PANCHANAWAPORN2026_AOSLY1_GFP,SPAoalp1-mgfp + Aosly1,modified,10520.95,AU,Extracellular GFP fluorescence,1.97x,5,fluorescence assay (485/535 nm),Section 3.3; Fig. 3,Fold is author-reported.
PANCHANAWAPORN2026_003,PANCHANAWAPORN2026_AOBET1_GFP,SPAoalp1-mgfp + Aobet1,modified,TODO,AU,Extracellular GFP fluorescence,TODO,5,fluorescence assay (485/535 nm),Fig. 3,Authors report no improvement; Fig. 3 bars not yet digitized.
PANCHANAWAPORN2026_004,PANCHANAWAPORN2026_AOSSO1_GFP,SPAoalp1-mgfp + Aosso1,modified,TODO,AU,Extracellular GFP fluorescence,TODO,5,fluorescence assay (485/535 nm),Fig. 3,Authors report no improvement; Fig. 3 bars not yet digitized.
PANCHANAWAPORN2026_005,PANCHANAWAPORN2026_AOSEC1_GFP,SPAoalp1-mgfp + Aosec1,modified,TODO,AU,Extracellular GFP fluorescence,TODO,5,fluorescence assay (485/535 nm),Fig. 3,Authors report no improvement; Fig. 3 bars not yet digitized.
PANCHANAWAPORN2026_006,PANCHANAWAPORN2026_AOSLY1_CASEIN,SPAoalp1-Aocsn3,control,0.18,mg/L,Secreted kappa-casein concentration,1.0x,3,kappa-casein ELISA,Section 3.4.1,
PANCHANAWAPORN2026_007,PANCHANAWAPORN2026_AOSLY1_CASEIN,SPAoalp1-Aocsn3 + Aosly1,modified,0.24,mg/L,Secreted kappa-casein concentration,1.3x,3,kappa-casein ELISA,Section 3.4.1,"Fold is author-reported. Fig. 5 gives 0.27 mg/L for this strain in basal medium, from a separate experiment."
