study_id,title,authors,year,journal,doi,pmid,pdf_url,notes
ZHU2012,Improved heterologous protein production by a tripeptidyl peptidase gene (AosedD) disruptant of the filamentous fungus Aspergillus oryzae,Zhu L; Nemoto T; Yoon J; Maruyama J; Kitamoto K,2012,Journal of General and Applied Microbiology,10.2323/jgam.58.199,22878738,https://www.jstage.jst.go.jp/article/jgam/58/3/58_199/_pdf/-char/en,
YOON2010,Enhanced production and secretion of heterologous proteins by the filamentous fungus Aspergillus oryzae via disruption of vacuolar protein sorting receptor gene Aovps10,Yoon J; Aishan T; Maruyama J; Kitamoto K,2010,Applied and Environmental Microbiology,10.1128/AEM.03087-09,20622126,https://journals.asm.org/doi/pdf/10.1128/AEM.03087-09,
JIN2007,"Double disruption of the proteinase genes, tppA and pepE, increases the production level of human lysozyme by Aspergillus oryzae",Jin FJ; Watanabe T; Juvvadi PR; Maruyama J; Arioka M; Kitamoto K,2007,Applied Microbiology and Biotechnology,10.1007/s00253-007-1088-4,17622525,https://link.springer.com/content/pdf/10.1007/s00253-007-1088-4.pdf,Cargo copy number not verified in any experiment.
YOON2013,Enhanced production of bovine chymosin by autophagy deficiency in the filamentous fungus Aspergillus oryzae,Yoon J; Kikuma T; Maruyama J; Kitamoto K,2013,PLoS One,10.1371/journal.pone.0062512,23658635,https://journals.plos.org/plosone/article/file?id=10.1371/journal.pone.0062512&type=printable,"Which strain served as the control is unclear: the text names SlD-AKC1, but it has a different genetic background from the deletion strains, and the better-matched candidate in Table 1 has a genotype that contradicts its own name and parent. Deleting an autophagy gene outright also blocked spore formation, so the paper additionally made strains where the gene is switched off by a replaceable promoter instead of deleted; those strains form spores and are curated as separate experiments."
YOON2011,Disruption of ten protease genes in the filamentous fungus Aspergillus oryzae highly improves production of heterologous proteins,Yoon J; Maruyama J; Kitamoto K,2011,Applied Microbiology and Biotechnology,10.1007/s00253-010-2937-0,20957357,https://link.springer.com/content/pdf/10.1007/s00253-010-2937-0.pdf,"P5, P7, P9 and P10 are the paper's names for strains carrying that many protease deletions, each built by adding deletions to the one before. All comparisons here are against P5, so only the deletions beyond P5 are listed as edits. The P5 controls carry the same five deletions as the P7-P10 lineage but are a different clone. Less chymosin was lost to degradation between days 4 and 5 as deletions accumulated: 22% (P5), 5% (P7), 1% (P9), 2.5% (P10). The 84.4 mg/L P5 control is the same measurement as YOON2009_004, not a new one."
ZHU2013,Further enhanced production of heterologous proteins by double-gene disruption (ΔAosedD ΔAovps10) in a hyper-producing mutant of Aspergillus oryzae,Zhu L; Maruyama J; Kitamoto K,2013,Applied Microbiology and Biotechnology,10.1007/s00253-013-4795-z,23504109,https://link.springer.com/content/pdf/10.1007/s00253-013-4795-z.pdf,AUT1 already carries ΔtppA and ΔpepE plus an uncharacterized aut1 mutation. Marker recycling moves pyrG from ligD to the new target. Table 1 uses AFLN labels for HLY strains while Figs. 3c and 4c use HLY labels; the Fig. 3c control HLY6 is absent from Table 1. The authors summarize the double disruptant versus Aovps10 as about 1.3x CHY and 1.2x HLY.
YOON2009,Construction of quintuple protease gene disruptant for heterologous protein production in Aspergillus oryzae,Yoon J; Kimura S; Maruyama J; Kitamoto K,2009,Applied Microbiology and Biotechnology,10.1007/s00253-008-1815-5,19107471,https://link.springer.com/content/pdf/10.1007/s00253-008-1815-5.pdf,
KIMURA2008,Monitoring global gene expression of proteases and improvement of human lysozyme production in the nptB gene disruptant of Aspergillus oryzae,Kimura S; Maruyama J; Takeuchi M; Kitamoto K,2008,"Bioscience, Biotechnology, and Biochemistry",10.1271/bbb.70582,18256487,,All HLY amounts are read from Fig. 4; the text gives only the 22% increase for the second disruptant at day 4. Fig. 4 shows means and SE of four independent experiments.
PANCHANAWAPORN2026,Two-step engineering of food-grade Aspergillus oryzae via endogenous signal peptides and vesicle trafficking proteins to enhance carrier-free protein secretion,Panchanawaporn S; Rattanaphan N; Jeennor S; Anantayanon J; Woraprayote W; Pumpuang L; Karirat T; Prompakdee N; Laoteng K; Chutrakul C,2026,Journal of Fungi,10.3390/jof12040289,42042383,https://www.mdpi.com/2309-608X/12/4/289/pdf,"First overexpression study in the dataset; all others are deletions or disruptions. Cargo is bovine kappa-casein, not chymosin or lysozyme. Host is A. oryzae BCC7051, not a RIB40 derivative, so gene IDs are BCC7051 accessions rather than AO090 locus tags (Aosly1 OOO06293.1, Aobet1 OOO11641.1, Aosso1 OOO07523.1, Aosec1 OOO07634.1). GFP results average six independent transformants and are reported in arbitrary fluorescence units, not mg/L. Signal-peptide comparisons are excluded as construct changes rather than host-gene edits. Terminator in the overexpression cassettes is TODO because Table S1 and Figs. S2-S3 disagree."
NAKAJIMA2006,"Extracellular Production of Neoculin, a Sweet-Tasting Heterodimeric Protein with Taste-Modifying Activity, by Aspergillus oryzae",Nakajima K; Asakura T; Maruyama J; Morita Y; Oike H; Shimizu-Ibuka A; Misaka T; Sorimachi H; Arai S; Kitamoto K; Abe K,2006,Applied and Environmental Microbiology,10.1128/AEM.72.5.3716-3723.2006,16672522,https://pmc.ncbi.nlm.nih.gov/articles/PMC1472351/pdf/,Curation candidate: active hacA overexpression; neoculin production; protein-folding stress response.
NEMOTO2009RNAI,Improvement of heterologous protein production in Aspergillus oryzae by RNA interference with alpha-amylase genes,Nemoto T; Maruyama J; Kitamoto K,2009,"Bioscience, Biotechnology, and Biochemistry",10.1271/bbb.90177,19897917,https://www.jstage.jst.go.jp/article/bbb/advpub/0/advpub_90177/_pdf,"Curation candidate: alpha-amylase gene silencing by RNAi; chymosin production. Record as knockdown, not deletion."
JIN2016,Comparative genomic analysis identified a mutation related to enhanced heterologous protein production in the filamentous fungus Aspergillus oryzae,Jin FJ; Katayama T; Maruyama J; Kitamoto K,2016,Applied Microbiology and Biotechnology,10.1007/s00253-016-7714-2,27405439,https://link.springer.com/content/pdf/10.1007/s00253-016-7714-2.pdf,Curation candidate: autA mutation and deletion; human lysozyme production. Reported improvement is time-dependent; mechanism remains uncertain.
ANTONIEL2026,Overexpression of msnA reprograms metabolism to enhance recombinant protein secretion across Aspergillus species,Antoniel EP; Bernardi JV; Wassano NS; Gerhardt JA; Rodrigues AG; de Figueiredo FL; Morera-Gomez M; Mortensen UH; Damasio A,2026,Microbial Cell Factories,10.1186/s12934-026-02975-2,41772602,https://pmc.ncbi.nlm.nih.gov/articles/PMC13085489/pdf/12934_2026_Article_2975.pdf,"Covers three Aspergillus species; only the A. oryzae arms are in scope. Two overexpression targets: msnA raised mCitrine fluorescence per total protein 52% and AbfA specific activity 17%; crzA raised relative mCitrine 84% while total secreted protein fell 51%. The 2.8-fold headline is A. nidulans, not A. oryzae. Cargo is a CAZy-mCitrine fusion and A. fumigatus arabinofuranosidase. CURATION BLOCKER: every A. oryzae value is normalized per total protein, so a vs_control here is a ratio of ratios and is not comparable to the mg/L fold changes elsewhere in this dataset. Settle how to mark measurement basis before writing outcome rows."
YAVER2000,Using DNA-tagged mutagenesis to improve heterologous protein production in Aspergillus oryzae,Yaver DS; Lamsa M; Munds R; Brown SH; Otani S; Franssen L; Johnstone JA; Brody H,2000,Fungal Genetics and Biology,10.1006/fgbi.1999.1179,10779397,,
NEMOTO2009AUT,Isolation of Aspergillus oryzae mutants for heterologous protein production from a double proteinase gene disruptant,Nemoto T; Watanabe T; Mizogami Y; Maruyama J; Kitamoto K,2009,Applied Microbiology and Biotechnology,10.1007/s00253-008-1851-1,19151971,https://link.springer.com/content/pdf/10.1007/s00253-008-1851-1.pdf,
KITAMOTON2015,Construction of Quintuple Protease and Double Amylase Gene Deletant for Heterologous Protein Production in Aspergillus oryzae KBN616,Kitamoto N; Ono N; Yoshino-Yasuda S,2015,Food Science and Technology Research,TODO,TODO,TODO,"Host is A. oryzae KBN616, not a RIB40 derivative. Combines protease deletion with amylase deletion in one strain, covering both the degradation and burden-reduction branches. Different group from the Kitamoto K lab that produced most other rows here; do not confuse the two."
HOANG2015,Modulating endoplasmic reticulum-Golgi cargo receptors for improving secretion of carrier-fused heterologous proteins in the filamentous fungus Aspergillus oryzae,Hoang HD; Maruyama J; Kitamoto K,2015,Applied and Environmental Microbiology,10.1128/AEM.02133-14,25362068,https://journals.asm.org/doi/pdf/10.1128/AEM.02133-14,"Every production number is a figure bar (n=3); the only one written out is ""approximately 2-fold"" for chymosin, so most values here are TODO. Not recorded as rows: in both deletion strains less of each product stayed stuck in the ER (Fig. 5), matching the higher secretion. Each strain carries one copy of the product gene at niaD, confirmed by Southern blot. Table 1 spells some strains three ways (NSlD1 / NSPlD1 / NSlD-1); names here follow Table 1."
OHNO2011,A carrier fusion significantly induces unfolded protein response in heterologous protein production by Aspergillus oryzae,Ohno A; Maruyama J; Nemoto T; Arioka M; Kitamoto K,2011,Applied Microbiology and Biotechnology,10.1007/s00253-011-3487-9,21822643,https://link.springer.com/content/pdf/10.1007/s00253-011-3487-9.pdf,
MARUYAMA2008,Multiple gene disruptions by marker recycling with highly efficient gene-targeting background (ΔligD) in Aspergillus oryzae,Maruyama J; Kitamoto K,2008,Biotechnology Letters,10.1007/s10529-008-9763-9,18574559,https://link.springer.com/content/pdf/10.1007/s10529-008-9763-9.pdf,
